<FluentXMLReport>
<version>
Fluent
Version: 3d, dp, pbns, rke (3d, double precision, pressure-based, realizable k-epsilon)
Release: 23.1.0
Title: 
</version>

<Models>

Models
------

   Model                        Settings                                
   ------------------------------------------------------------------
   Space                        3D                                      
   Time                         Steady                                  
   Viscous                      Realizable k-epsilon turbulence model   
   Wall Treatment               Enhanced Wall Treatment                 
   Heat Transfer                Disabled                                
   Solidification and Melting   Disabled                                
   Species                      Disabled                                
   Coupled Dispersed Phase      Disabled                                
   NOx Pollutants               Disabled                                
   SOx Pollutants               Disabled                                
   Soot                         Disabled                                
   Mercury Pollutants           Disabled                                
   Structure                    Disabled                                
   Acoustics                    Disabled                                
   Eulerian Wall Film           Disabled                                
   Potential/Electrochemistry   Disabled                                
   Multiphase                   Disabled                                

</Models>

<MaterialProperties>
Material Properties
-------------------

   Material: water-liquid (fluid)

      Property               Units      Method     Value(s)   
      -----------------------------------------------------
      Density                kg/m^3     constant   998.2      
      Cp (Specific Heat)     J/(kg K)   constant   4182       
      Thermal Conductivity   W/(m K)    constant   0.6        
      Viscosity              kg/(m s)   constant   0.001003   
      Molecular Weight       kg/kmol    constant   18.0152    

   Material: air (fluid)

      Property               Units      Method     Value(s)     
      -------------------------------------------------------
      Density                kg/m^3     constant   1.225        
      Cp (Specific Heat)     J/(kg K)   constant   1006.43      
      Thermal Conductivity   W/(m K)    constant   0.0242       
      Viscosity              kg/(m s)   constant   1.7894e-05   
      Molecular Weight       kg/kmol    constant   28.966       

   Material: aluminum (solid)

      Property               Units      Method     Value(s)   
      -----------------------------------------------------
      Density                kg/m^3     constant   2719       
      Cp (Specific Heat)     J/(kg K)   constant   871        
      Thermal Conductivity   W/(m K)    constant   202.4      

</MaterialProperties>

<CellZoneConditions>
Cell Zone Conditions
--------------------

   Zones

      name           id   type    
      -------------------------
      fluid_domain   2    fluid   

   Setup Conditions

      fluid_domain

         Condition       Value   
         ---------------------
         Frame Motion?   no      

</CellZoneConditions>

<BoundaryConditions>
Boundary Conditions
-------------------

   Zones

      name                id   type              
      ----------------------------------------
      inlet               5    velocity-inlet    
      in_section_wall     6    wall              
      bend_section_wall   7    wall              
      out_section_wall    8    wall              
      outlet              9    pressure-outlet   

   Setup Conditions

      inlet

         Condition                                                              Value      
         -------------------------------------------------------------------------------
         Velocity Magnitude [m/s]                                               1.5        
         Note: Reinjected particles do not change their injection association   51679376   

      in_section_wall

         Condition                  Value             
         ------------------------------------------
         Wall Motion                Stationary Wall   
         Shear Boundary Condition   No Slip           

      bend_section_wall

         Condition                  Value             
         ------------------------------------------
         Wall Motion                Stationary Wall   
         Shear Boundary Condition   No Slip           

      out_section_wall

         Condition                  Value             
         ------------------------------------------
         Wall Motion                Stationary Wall   
         Shear Boundary Condition   No Slip           

      outlet

         Condition                                                              Value      
         -------------------------------------------------------------------------------
         Note: Reinjected particles do not change their injection association   51678576   

</BoundaryConditions>

<SolverSettings>
Solver Settings
---------------

   Equations

      Equation     Solved   
      -------------------
      Flow         yes      
      Turbulence   yes      

   Numerics

      Numeric                         Enabled   
      ---------------------------------------
      Absolute Velocity Formulation   yes       

   Under-Relaxation Factors

      Variable                     Relaxation Factor   
      ----------------------------------------------
      Pressure                     0.3                 
      Density                      1                   
      Body Forces                  1                   
      Momentum                     0.7                 
      Turbulent Kinetic Energy     0.8                 
      Turbulent Dissipation Rate   0.8                 
      Turbulent Viscosity          1                   

   Linear Solver

      Variable                     Solver Type   Termination Criterion   Residual Reduction Tolerance   
      -----------------------------------------------------------------------------------------------
      Pressure                     V-Cycle       0.1                                                    
      X-Momentum                   Flexible      0.1                     0.7                            
      Y-Momentum                   Flexible      0.1                     0.7                            
      Z-Momentum                   Flexible      0.1                     0.7                            
      Turbulent Kinetic Energy     Flexible      0.1                     0.7                            
      Turbulent Dissipation Rate   Flexible      0.1                     0.7                            

   Pressure-Velocity Coupling

      Parameter   Value    
      ------------------
      Type        SIMPLE   

   Discretization Scheme

      Variable                     Scheme                
      ------------------------------------------------
      Pressure                     Second Order          
      Momentum                     Second Order Upwind   
      Turbulent Kinetic Energy     Second Order Upwind   
      Turbulent Dissipation Rate   Second Order Upwind   

   Solution Limits

      Quantity                         Limit    
      ---------------------------------------
      Minimum Absolute Pressure        1        
      Maximum Absolute Pressure        5e+10    
      Minimum Temperature              1        
      Maximum Temperature              5000     
      Minimum Turb. Kinetic Energy     1e-14    
      Minimum Turb. Dissipation Rate   1e-20    
      Maximum Turb. Viscosity Ratio    100000   

</SolverSettings>

</FluentXMLReport>